{
  "Profiles": [
    {
      "Link Color": {
        "Red Component": 0,
        "Color Space": "sRGB",
        "Blue Component": 0.73423302173614502,
        "Alpha Component": 1,
        "Green Component": 0.35916060209274292
      },
      "Tags": [],
      "Ansi 12 Color": {
        "Red Component": 0.14901960784313725,
        "Color Space": "sRGB",
        "Blue Component": 0.82352941176470584,
        "Alpha Component": 1,
        "Green Component": 0.54509803921568623
      },
      "Ansi 7 Color": {
        "Red Component": 0.93333333333333335,
        "Color Space": "sRGB",
        "Blue Component": 0.83529411764705885,
        "Green Component": 0.90980392156862744
      },
      "Ansi 8 Color": {
        "Red Component": 0,
        "Color Space": "sRGB",
        "Blue Component": 0.21176470588235294,
        "Green Component": 0.16862745098039217
      },
      "Bold Color": {
        "Red Component": 0.57647058823529407,
        "Color Space": "sRGB",
        "Blue Component": 0.63137254901960782,
        "Green Component": 0.63137254901960782
      },
      "Ansi 9 Color": {
        "Red Component": 0.86274509803921573,
        "Color Space": "sRGB",
        "Blue Component": 0.1803921568627451,
        "Alpha Component": 1,
        "Green Component": 0.19607843137254902
      },
      "Transparency": 0,
      "Custom Directory": "No",
      "Rows": 25,
      "Default Bookmark": "No",
      "Cursor Guide Color": {
        "Red Component": 0.70213186740875244,
        "Color Space": "sRGB",
        "Blue Component": 1,
        "Alpha Component": 0.25,
        "Green Component": 0.9268307089805603
      },
      "Non-ASCII Anti Aliased": true,
      "Use Bright Bold": true,
      "Ansi 10 Color": {
        "Red Component": 0.52156862745098043,
        "Color Space": "sRGB",
        "Blue Component": 0,
        "Alpha Component": 1,
        "Green Component": 0.59999999999999998
      },
      "Ambiguous Double Width": false,
      "Jobs to Ignore": ["rlogin", "ssh", "slogin", "telnet"],
      "Ansi 15 Color": {
        "Red Component": 0.99215686274509807,
        "Color Space": "sRGB",
        "Blue Component": 0.8901960784313725,
        "Green Component": 0.96470588235294119
      },
      "Foreground Color": {
        "Red Component": 0.51372549019607838,
        "Color Space": "sRGB",
        "Blue Component": 0.58823529411764708,
        "Green Component": 0.58039215686274515
      },
      "Working Directory": "/Users/cordonni",
      "Blinking Cursor": false,
      "Disable Window Resizing": true,
      "Sync Title": false,
      "Prompt Before Closing 2": false,
      "BM Growl": true,
      "Command": "",
      "Description": "Default",
      "Mouse Reporting": true,
      "Screen": -1,
      "Selection Color": {
        "Red Component": 0.027450980392156862,
        "Color Space": "sRGB",
        "Blue Component": 0.25882352941176473,
        "Green Component": 0.21176470588235294
      },
      "Columns": 80,
      "Idle Code": 0,
      "Ansi 13 Color": {
        "Red Component": 0.82745098039215681,
        "Color Space": "sRGB",
        "Blue Component": 0.50980392156862742,
        "Alpha Component": 1,
        "Green Component": 0.21176470588235294
      },
      "Custom Command": "No",
      "ASCII Anti Aliased": true,
      "Non Ascii Font": "Monaco 12",
      "Vertical Spacing": 1,
      "Use Bold Font": true,
      "Option Key Sends": 0,
      "Selected Text Color": {
        "Red Component": 0.57647058823529407,
        "Color Space": "sRGB",
        "Blue Component": 0.63137254901960782,
        "Green Component": 0.63137254901960782
      },
      "Background Color": {
        "Red Component": 0,
        "Color Space": "sRGB",
        "Blue Component": 0.21176470588235294,
        "Green Component": 0.16862745098039217
      },
      "Character Encoding": 4,
      "Ansi 11 Color": {
        "Red Component": 0.70980392156862748,
        "Color Space": "sRGB",
        "Blue Component": 0,
        "Alpha Component": 1,
        "Green Component": 0.53725490196078429
      },
      "Use Italic Font": true,
      "Unlimited Scrollback": false,
      "Keyboard Map": {
        "0xf728-0x80000": {
          "Text": "d",
          "Action": 10
        },
        "0xf702-0x280000": {
          "Text": "b",
          "Action": 10
        },
        "0xf70d-0x20000": {
          "Text": "[21;2~",
          "Action": 10
        },
        "0x7f-0x80000": {
          "Text": "0x1b 0x7f",
          "Action": 11
        },
        "0xf708-0x20000": {
          "Text": "[15;2~",
          "Action": 10
        },
        "0x33-0x40000": {
          "Text": "0x1b",
          "Action": 11
        },
        "0xf703-0x260000": {
          "Text": "[1;6C",
          "Action": 10
        },
        "0xf729-0x20000": {
          "Text": "[1;2H",
          "Action": 10
        },
        "0xf702-0x260000": {
          "Text": "[1;6D",
          "Action": 10
        },
        "0x38-0x40000": {
          "Text": "0x7f",
          "Action": 11
        },
        "0xf72b-0x40000": {
          "Text": "[1;5F",
          "Action": 10
        },
        "0xf70c-0x20000": {
          "Text": "[20;2~",
          "Action": 10
        },
        "0xf701-0x260000": {
          "Text": "[1;6B",
          "Action": 10
        },
        "0x32-0x40000": {
          "Text": "0x00",
          "Action": 11
        },
        "0xf707-0x20000": {
          "Text": "[1;2S",
          "Action": 10
        },
        "0xf703-0x240000": {
          "Text": "[1;5C",
          "Action": 10
        },
        "0xf700-0x260000": {
          "Text": "[1;6A",
          "Action": 10
        },
        "0xf702-0x240000": {
          "Text": "[1;5D",
          "Action": 10
        },
        "0xf703-0x300000": {
          "Text": "0x5",
          "Action": 11
        },
        "0x37-0x40000": {
          "Text": "0x1f",
          "Action": 11
        },
        "0x3-0x200000": {
          "Text": "0xd",
          "Action": 11
        },
        "0xf701-0x240000": {
          "Text": "[1;5B",
          "Action": 10
        },
        "0xf702-0x300000": {
          "Text": "0x1",
          "Action": 11
        },
        "0xf703-0x220000": {
          "Text": "[1;2C",
          "Action": 10
        },
        "0xf739-0x0": {
          "Text": "",
          "Action": 13
        },
        "0xf70b-0x20000": {
          "Text": "[19;2~",
          "Action": 10
        },
        "0xf728-0x0": {
          "Text": "0x4",
          "Action": 11
        },
        "0xf706-0x20000": {
          "Text": "[1;2R",
          "Action": 10
        },
        "0xf700-0x240000": {
          "Text": "[1;5A",
          "Action": 10
        },
        "0xf702-0x220000": {
          "Text": "[1;2D",
          "Action": 10
        },
        "0x36-0x40000": {
          "Text": "0x1e",
          "Action": 11
        },
        "0xf70f-0x20000": {
          "Text": "[24;2~",
          "Action": 10
        },
        "0xf701-0x220000": {
          "Text": "[1;2B",
          "Action": 10
        },
        "0xf70a-0x20000": {
          "Text": "[18;2~",
          "Action": 10
        },
        "0xf729-0x40000": {
          "Text": "[1;5H",
          "Action": 10
        },
        "0xf72b-0x20000": {
          "Text": "[1;2F",
          "Action": 10
        },
        "0xf700-0x220000": {
          "Text": "[1;2A",
          "Action": 10
        },
        "0x30-0x200000": {
          "Text": "0",
          "Action": 12
        },
        "0xf705-0x20000": {
          "Text": "[1;2Q",
          "Action": 10
        },
        "0x31-0x200000": {
          "Text": "1",
          "Action": 12
        },
        "0x33-0x200000": {
          "Text": "3",
          "Action": 12
        },
        "0x35-0x40000": {
          "Text": "0x1d",
          "Action": 11
        },
        "0x34-0x200000": {
          "Text": "4",
          "Action": 12
        },